{
  "index_patterns": ["ctas-*"],
  "settings": {
    "number_of_shards": 3,
    "number_of_replicas": 2,
    "index.mapping.total_fields.limit": 2000,
    "index.refresh_interval": "1s",
    "analysis": {
      "analyzer": {
        "ctas_analyzer": {
          "type": "custom",
          "tokenizer": "standard",
          "filter": [
            "lowercase",
            "asciifolding",
            "stop",
            "snowball"
          ]
        }
      }
    }
  },
  "mappings": {
    "properties": {
      "@timestamp": {
        "type": "date"
      },
      "synaptic_hash": {
        "type": "keyword"
      },
      "ndex_id": {
        "type": "keyword"
      },
      "location": {
        "type": "geo_point"
      },
      "metoc_data": {
        "type": "nested",
        "properties": {
          "temperature": { "type": "float" },
          "humidity": { "type": "float" },
          "wind_speed": { "type": "float" },
          "wind_direction": { "type": "float" },
          "precipitation": { "type": "float" },
          "visibility": { "type": "float" },
          "pressure": { "type": "float" },
          "cloud_cover": { "type": "float" },
          "sea_state": { "type": "float" },
          "timestamp": { "type": "date" }
        }
      },
      "event_data": {
        "properties": {
          "type": { "type": "keyword" },
          "severity": { "type": "keyword" },
          "description": {
            "type": "text",
            "analyzer": "ctas_analyzer",
            "fields": {
              "keyword": {
                "type": "keyword",
                "ignore_above": 256
              }
            }
          }
        }
      }
    }
  }
}